energy,health,age,alive,planet_temp,planet_weather,hazards_count,inventory_food,inventory_water,inventory_materials,inventory_tools,successful_hunts,escapes,builds,trades,reproductions,attacks,gathers,explorations,hazard_radiation,hazard_toxic_gases,hazard_heat_stroke,hazard_freezing,action,action_success,decision_reason,tick,timestamp
83,95,1,1,0,,0,10,10,5,1,0,0,0,0,0,0,0,0,0,0,0,0,DEFEND,1,unknown,1,2025-05-12T06:37:58.819338
83,95,1,1,0,,0,10,10,5,1,0,0,0,0,0,0,0,0,0,0,0,0,DEFEND,1,unknown,1,2025-05-12T06:37:58.819781
83,95,1,1,0,,0,10,10,5,1,0,0,0,0,0,0,0,0,0,0,0,0,DEFEND,1,unknown,1,2025-05-12T06:37:58.820451
86,97,2,1,0,,0,9,9,5,1,0,0,0,0,0,0,0,0,0,0,0,0,REST,1,unknown,2,2025-05-12T06:37:58.825322
86,97,2,1,0,,0,9,9,5,1,0,0,0,0,0,0,0,0,0,0,0,0,REST,1,unknown,2,2025-05-12T06:37:58.826172
86,97,2,1,0,,0,9,9,5,1,0,0,0,0,0,0,0,0,0,0,0,0,REST,1,unknown,2,2025-05-12T06:37:58.827263
69,92,3,1,0,,0,9,9,5,0,0,0,0,0,0,0,0,0,0,0,0,0,DEFEND,1,unknown,3,2025-05-12T06:37:58.832781
69,92,3,1,0,,0,9,9,5,0,0,0,0,0,0,0,0,0,0,0,0,0,DEFEND,1,unknown,3,2025-05-12T06:37:58.838784
69,92,3,1,0,,0,9,9,5,0,0,0,0,0,0,0,0,0,0,0,0,0,DEFEND,0,unknown,3,2025-05-12T06:37:58.844245
52,90,4,1,0,,0,9,9,5,0,0,0,0,0,0,0,0,0,0,0,0,0,EXPLORE,0,unknown,4,2025-05-12T06:37:58.854427
52,90,4,1,0,,0,9,9,6,0,0,0,0,0,0,0,0,1,0,0,0,0,EXPLORE,1,unknown,4,2025-05-12T06:37:58.857152
52,90,4,1,0,,0,9,9,7,0,0,0,0,0,0,0,0,1,0,0,0,0,EXPLORE,1,unknown,4,2025-05-12T06:37:58.897603
55,92,5,1,0,,0,8,8,5,0,0,0,0,0,0,0,0,0,0,0,0,0,REST,1,unknown,5,2025-05-12T06:37:58.907117
55,92,5,1,0,,0,8,8,6,0,0,0,0,0,0,0,0,1,0,0,0,0,REST,1,unknown,5,2025-05-12T06:37:58.912068
55,92,5,1,0,,0,8,8,7,0,0,0,0,0,0,0,0,1,0,0,0,0,REST,1,unknown,5,2025-05-12T06:37:58.918787
58,94,6,1,0,,0,7,7,5,0,0,0,0,0,0,0,0,0,0,0,0,0,REST,1,unknown,6,2025-05-12T06:37:58.930861
58,94,6,1,0,,0,7,7,6,0,0,0,0,0,0,0,0,1,0,0,0,0,REST,1,unknown,6,2025-05-12T06:37:58.942188
58,94,6,1,0,,0,7,7,7,0,0,0,0,0,0,0,0,1,0,0,0,0,REST,1,unknown,6,2025-05-12T06:37:58.951067
41,92,7,1,0,,0,7,7,5,0,0,0,0,0,0,0,0,0,0,0,0,0,EXPLORE,0,unknown,7,2025-05-12T06:37:58.978880
41,92,7,1,0,,0,7,7,7,0,0,0,0,0,0,0,0,2,0,0,0,0,EXPLORE,1,unknown,7,2025-05-12T06:37:59.039522
41,92,7,1,0,,0,7,7,8,0,0,0,0,0,0,0,0,2,0,0,0,0,EXPLORE,1,unknown,7,2025-05-12T06:37:59.061146
34,92,8,1,0,,0,7,7,5,0,0,0,0,0,0,0,0,0,0,0,0,0,HIDE,0,unknown,8,2025-05-12T06:37:59.070899
34,92,8,1,0,,0,7,7,7,0,0,0,0,0,0,0,0,2,0,0,0,0,HIDE,1,unknown,8,2025-05-12T06:37:59.093950
34,92,8,1,0,,0,7,7,8,0,0,0,0,0,0,0,0,2,0,0,0,0,HIDE,1,unknown,8,2025-05-12T06:37:59.114242
27,92,9,1,0,,0,7,7,5,0,0,0,0,0,0,0,0,0,0,0,0,0,HIDE,1,unknown,9,2025-05-12T06:37:59.169566
27,92,9,1,0,,0,7,7,7,0,0,0,0,0,0,0,0,2,0,0,0,0,HIDE,1,unknown,9,2025-05-12T06:37:59.180035
27,92,9,1,0,,0,7,7,8,0,0,0,0,0,0,0,0,2,0,0,0,0,HIDE,1,unknown,9,2025-05-12T06:37:59.191832
20,92,10,1,0,,0,7,7,5,0,0,0,0,0,0,0,0,0,0,0,0,0,HIDE,1,unknown,10,2025-05-12T06:37:59.275334
20,92,10,1,0,,0,7,7,7,0,0,0,0,0,0,0,0,2,0,0,0,0,HIDE,1,unknown,10,2025-05-12T06:37:59.307605
20,92,10,1,0,,0,7,7,8,0,0,0,0,0,0,0,0,2,0,0,0,0,HIDE,1,unknown,10,2025-05-12T06:37:59.394832
83,93,1,1,0,,0,10,10,5,1,0,0,0,0,0,0,0,0,0,0,0,0,DEFEND,1,unknown,1,2025-05-12T06:37:58.866035
83,93,1,1,0,,0,10,10,5,1,0,0,0,0,0,0,0,0,0,0,0,0,DEFEND,0,unknown,1,2025-05-12T06:37:58.866356
83,93,1,1,0,,0,10,10,5,1,0,0,0,0,0,0,0,0,0,0,0,0,DEFEND,1,unknown,1,2025-05-12T06:37:58.866821
86,93,2,1,0,,0,9,9,5,1,0,0,0,0,0,0,0,0,0,0,0,0,REST,1,unknown,2,2025-05-12T06:37:58.867706
86,93,2,1,0,,0,9,9,5,1,0,0,0,0,0,0,0,0,0,0,0,0,REST,1,unknown,2,2025-05-12T06:37:58.869826
86,93,2,1,0,,0,9,9,5,1,0,0,0,0,0,0,0,0,0,0,0,0,REST,1,unknown,2,2025-05-12T06:37:58.873440
69,86,3,1,0,,0,9,9,5,0,0,0,0,0,0,0,0,0,0,0,0,0,DEFEND,0,unknown,3,2025-05-12T06:37:58.875276
69,86,3,1,0,,0,9,9,5,0,0,0,0,0,0,0,0,0,0,0,0,0,DEFEND,1,unknown,3,2025-05-12T06:37:58.879189
69,86,3,1,0,,0,9,9,5,0,0,0,0,0,0,0,0,0,0,0,0,0,DEFEND,0,unknown,3,2025-05-12T06:37:58.882163
52,82,4,1,0,,0,9,9,7,0,0,0,0,0,0,0,0,1,0,0,0,0,EXPLORE,1,unknown,4,2025-05-12T06:37:58.885081
52,82,4,1,0,,0,9,9,5,0,0,0,0,0,0,0,0,1,0,0,0,0,EXPLORE,1,unknown,4,2025-05-12T06:37:58.888019
52,82,4,1,0,,0,9,9,6,0,0,0,0,0,0,0,0,1,0,0,0,0,EXPLORE,1,unknown,4,2025-05-12T06:37:58.891130
55,82,5,1,0,,0,8,8,7,0,0,0,0,0,0,0,0,1,0,0,0,0,REST,1,unknown,5,2025-05-12T06:37:58.925629
55,82,5,1,0,,0,8,8,5,0,0,0,0,0,0,0,0,1,0,0,0,0,REST,1,unknown,5,2025-05-12T06:37:58.932755
55,82,5,1,0,,0,8,8,6,0,0,0,0,0,0,0,0,1,0,0,0,0,REST,1,unknown,5,2025-05-12T06:37:58.945965
58,82,6,1,0,,0,7,7,7,0,0,0,0,0,0,0,0,1,0,0,0,0,REST,1,unknown,6,2025-05-12T06:37:58.979708
58,82,6,1,0,,0,7,7,5,0,0,0,0,0,0,0,0,1,0,0,0,0,REST,1,unknown,6,2025-05-12T06:37:59.008740
58,82,6,1,0,,0,7,7,6,0,0,0,0,0,0,0,0,1,0,0,0,0,REST,1,unknown,6,2025-05-12T06:37:59.032440
41,78,7,1,0,,0,7,7,7,0,0,0,0,0,0,0,0,2,0,0,0,0,EXPLORE,1,unknown,7,2025-05-12T06:37:59.042321
41,78,7,1,0,,0,7,7,5,0,0,0,0,0,0,0,0,2,0,0,0,0,EXPLORE,1,unknown,7,2025-05-12T06:37:59.050493
41,78,7,1,0,,0,7,7,6,0,0,0,0,0,0,0,0,1,0,0,0,0,EXPLORE,0,unknown,7,2025-05-12T06:37:59.059294
34,76,8,1,0,,0,7,7,7,0,0,0,0,0,0,0,0,2,0,0,0,0,HIDE,1,unknown,8,2025-05-12T06:37:59.125517
34,76,8,1,0,,0,7,7,5,0,0,0,0,0,0,0,0,2,0,0,0,0,HIDE,0,unknown,8,2025-05-12T06:37:59.194338
34,76,8,1,0,,0,7,7,6,0,0,0,0,0,0,0,0,1,0,0,0,0,HIDE,1,unknown,8,2025-05-12T06:37:59.216299
27,72,9,1,0,,0,7,7,7,0,0,0,0,0,0,0,0,2,0,0,0,0,HIDE,1,unknown,9,2025-05-12T06:37:59.227477
27,72,9,1,0,,0,7,7,5,0,0,0,0,0,0,0,0,2,0,0,0,0,HIDE,1,unknown,9,2025-05-12T06:37:59.321402
27,72,9,1,0,,0,7,7,6,0,0,0,0,0,0,0,0,1,0,0,0,0,HIDE,1,unknown,9,2025-05-12T06:37:59.342186
30,72,10,1,0,,0,6,6,7,0,0,0,0,0,0,0,0,2,0,0,0,0,REST,1,unknown,10,2025-05-12T06:37:59.389765
30,72,10,1,0,,0,6,6,5,0,0,0,0,0,0,0,0,2,0,0,0,0,REST,0,unknown,10,2025-05-12T06:37:59.444009
30,72,10,1,0,,0,6,6,6,0,0,0,0,0,0,0,0,1,0,0,0,0,REST,1,unknown,10,2025-05-12T06:37:59.473651
78,93,1,1,0,,0,10,10,5,2,0,1,0,0,0,0,0,0,0,0,0,0,FLEE,1,unknown,1,2025-05-12T06:37:58.863798
78,93,1,1,0,,0,10,10,5,2,0,1,0,0,0,0,0,0,0,0,0,0,FLEE,1,unknown,1,2025-05-12T06:37:58.864626
78,93,1,1,0,,0,10,10,5,2,0,1,0,0,0,0,0,0,0,0,0,0,FLEE,1,unknown,1,2025-05-12T06:37:58.868122
81,91,2,1,0,,0,9,9,5,2,0,1,0,0,0,0,0,0,0,0,0,0,REST,1,unknown,2,2025-05-12T06:37:58.869151
81,91,2,1,0,,0,9,9,5,2,0,1,0,0,0,0,0,0,0,0,0,0,REST,1,unknown,2,2025-05-12T06:37:58.872741
81,91,2,1,0,,0,9,9,5,2,0,1,0,0,0,0,0,0,0,0,0,0,REST,1,unknown,2,2025-05-12T06:37:58.876408
59,84,3,1,0,,0,9,9,5,2,0,2,0,0,0,0,0,0,0,0,0,0,FLEE,1,unknown,3,2025-05-12T06:37:58.878227
59,84,3,1,0,,0,9,9,5,2,0,1,0,0,0,0,0,0,0,0,0,0,FLEE,0,unknown,3,2025-05-12T06:37:58.879907
59,84,3,1,0,,0,9,9,5,2,0,2,0,0,0,0,0,0,0,0,0,0,FLEE,1,unknown,3,2025-05-12T06:37:58.884532
62,82,4,1,0,,0,8,8,5,2,0,2,0,0,0,0,0,0,0,0,0,0,REST,1,unknown,4,2025-05-12T06:37:58.897227
62,82,4,1,0,,0,8,8,5,2,0,1,0,0,0,0,0,0,0,0,0,0,REST,1,unknown,4,2025-05-12T06:37:58.900881
62,82,4,1,0,,0,8,8,5,2,0,2,0,0,0,0,0,0,0,0,0,0,REST,1,unknown,4,2025-05-12T06:37:58.906144
40,75,5,1,0,,0,8,8,5,2,0,2,0,0,0,0,0,0,0,0,0,0,FLEE,0,unknown,5,2025-05-12T06:37:58.943451
40,75,5,1,0,,0,8,8,5,2,0,2,0,0,0,0,0,0,0,0,0,0,FLEE,1,unknown,5,2025-05-12T06:37:58.968847
40,75,5,1,0,,0,8,8,5,2,0,3,0,0,0,0,0,0,0,0,0,0,FLEE,1,unknown,5,2025-05-12T06:37:58.982813
43,73,6,1,0,,0,7,7,5,2,0,2,0,0,0,0,0,0,0,0,0,0,REST,1,unknown,6,2025-05-12T06:37:59.011654
43,73,6,1,0,,0,7,7,5,2,0,2,0,0,0,0,0,0,0,0,0,0,REST,1,unknown,6,2025-05-12T06:37:59.025243
43,73,6,1,0,,0,7,7,5,2,0,3,0,0,0,0,0,0,0,0,0,0,REST,0,unknown,6,2025-05-12T06:37:59.105863
21,66,7,1,0,,0,7,7,5,2,0,2,0,0,0,0,0,0,0,0,0,0,FLEE,0,unknown,7,2025-05-12T06:37:59.143051
21,66,7,1,0,,0,7,7,5,2,0,3,0,0,0,0,0,0,0,0,0,0,FLEE,1,unknown,7,2025-05-12T06:37:59.155686
21,66,7,1,0,,0,7,7,5,2,0,3,0,0,0,0,0,0,0,0,0,0,FLEE,0,unknown,7,2025-05-12T06:37:59.195501
24,64,8,1,0,,0,6,6,5,2,0,2,0,0,0,0,0,0,0,0,0,0,REST,1,unknown,8,2025-05-12T06:37:59.223125
24,64,8,1,0,,0,6,6,5,2,0,3,0,0,0,0,0,0,0,0,0,0,REST,1,unknown,8,2025-05-12T06:37:59.237635
24,64,8,1,0,,0,6,6,5,2,0,3,0,0,0,0,0,0,0,0,0,0,REST,1,unknown,8,2025-05-12T06:37:59.259189
2,57,9,1,0,,0,6,6,5,2,0,3,0,0,0,0,0,0,0,0,0,0,FLEE,1,unknown,9,2025-05-12T06:37:59.272367
2,57,9,1,0,,0,6,6,5,2,0,3,0,0,0,0,0,0,0,0,0,0,FLEE,0,unknown,9,2025-05-12T06:37:59.287368
2,57,9,1,0,,0,6,6,5,2,0,4,0,0,0,0,0,0,0,0,0,0,FLEE,1,unknown,9,2025-05-12T06:37:59.353589
5,55,10,1,0,,0,5,5,5,2,0,3,0,0,0,0,0,0,0,0,0,0,REST,1,unknown,10,2025-05-12T06:37:59.387473
5,55,10,1,0,,0,5,5,5,2,0,3,0,0,0,0,0,0,0,0,0,0,REST,1,unknown,10,2025-05-12T06:37:59.429209
5,55,10,1,0,,0,5,5,5,2,0,4,0,0,0,0,0,0,0,0,0,0,REST,1,unknown,10,2025-05-12T06:37:59.478389
83,95,1,1,0,,0,10,10,5,1,0,0,0,0,0,0,0,0,0,0,0,0,DEFEND,1,unknown,1,2025-05-12T06:37:58.925217
83,95,1,1,0,,0,10,10,5,1,0,0,0,0,0,0,0,0,0,0,0,0,DEFEND,0,unknown,1,2025-05-12T06:37:58.925544
83,95,1,1,0,,0,10,10,5,1,0,0,0,0,0,0,0,0,0,0,0,0,DEFEND,1,unknown,1,2025-05-12T06:37:58.926116
86,97,2,1,0,,0,9,9,5,1,0,0,0,0,0,0,0,0,0,0,0,0,REST,1,unknown,2,2025-05-12T06:37:58.930035
86,97,2,1,0,,0,9,9,5,1,0,0,0,0,0,0,0,0,0,0,0,0,REST,1,unknown,2,2025-05-12T06:37:58.942211
86,97,2,1,0,,0,9,9,5,1,0,0,0,0,0,0,0,0,0,0,0,0,REST,1,unknown,2,2025-05-12T06:37:58.943391
69,92,3,1,0,,0,9,9,5,0,0,0,0,0,0,0,0,0,0,0,0,0,DEFEND,1,unknown,3,2025-05-12T06:37:58.954926
69,92,3,1,0,,0,9,9,5,0,0,0,0,0,0,0,0,0,0,0,0,0,DEFEND,0,unknown,3,2025-05-12T06:37:58.963566
69,92,3,1,0,,0,9,9,5,0,0,0,0,0,0,0,0,0,0,0,0,0,DEFEND,1,unknown,3,2025-05-12T06:37:58.968139
52,90,4,1,0,,0,9,9,5,0,0,0,0,0,0,0,0,0,0,0,0,0,EXPLORE,0,unknown,4,2025-05-12T06:37:58.975597
52,90,4,1,0,,0,9,9,5,0,0,0,0,0,0,0,0,0,0,0,0,0,EXPLORE,0,unknown,4,2025-05-12T06:37:58.990683
52,90,4,1,0,,0,9,9,5,0,0,0,0,0,0,0,0,0,0,0,0,0,EXPLORE,0,unknown,4,2025-05-12T06:37:59.001823
55,92,5,1,0,,0,8,8,5,0,0,0,0,0,0,0,0,0,0,0,0,0,REST,1,unknown,5,2025-05-12T06:37:59.014120
55,92,5,1,0,,0,8,8,5,0,0,0,0,0,0,0,0,0,0,0,0,0,REST,1,unknown,5,2025-05-12T06:37:59.031240
55,92,5,1,0,,0,8,8,5,0,0,0,0,0,0,0,0,0,0,0,0,0,REST,1,unknown,5,2025-05-12T06:37:59.041674
58,94,6,1,0,,0,7,7,5,0,0,0,0,0,0,0,0,0,0,0,0,0,REST,1,unknown,6,2025-05-12T06:37:59.070922
58,94,6,1,0,,0,7,7,5,0,0,0,0,0,0,0,0,0,0,0,0,0,REST,1,unknown,6,2025-05-12T06:37:59.082868
58,94,6,1,0,,0,7,7,5,0,0,0,0,0,0,0,0,0,0,0,0,0,REST,1,unknown,6,2025-05-12T06:37:59.144792
41,92,7,1,0,,0,7,7,7,0,0,0,0,0,0,0,0,1,0,0,0,0,EXPLORE,1,unknown,7,2025-05-12T06:37:59.178455
41,92,7,1,0,,0,7,7,7,0,0,0,0,0,0,0,0,1,0,0,0,0,EXPLORE,1,unknown,7,2025-05-12T06:37:59.189771
41,92,7,1,0,,0,7,7,5,0,0,0,0,0,0,0,0,0,0,0,0,0,EXPLORE,0,unknown,7,2025-05-12T06:37:59.200200
34,92,8,1,0,,0,7,7,7,0,0,0,0,0,0,0,0,1,0,0,0,0,HIDE,1,unknown,8,2025-05-12T06:37:59.223943
34,92,8,1,0,,0,7,7,7,0,0,0,0,0,0,0,0,1,0,0,0,0,HIDE,1,unknown,8,2025-05-12T06:37:59.249601
34,92,8,1,0,,0,7,7,5,0,0,0,0,0,0,0,0,0,0,0,0,0,HIDE,1,unknown,8,2025-05-12T06:37:59.262160
27,92,9,1,0,,0,7,7,7,0,0,0,0,0,0,0,0,1,0,0,0,0,HIDE,1,unknown,9,2025-05-12T06:37:59.279849
27,92,9,1,0,,0,7,7,7,0,0,0,0,0,0,0,0,1,0,0,0,0,HIDE,1,unknown,9,2025-05-12T06:37:59.301605
27,92,9,1,0,,0,7,7,5,0,0,0,0,0,0,0,0,0,0,0,0,0,HIDE,0,unknown,9,2025-05-12T06:37:59.417268
20,92,10,1,0,,0,7,7,7,0,0,0,0,0,0,0,0,1,0,0,0,0,HIDE,0,unknown,10,2025-05-12T06:37:59.440967
20,92,10,1,0,,0,7,7,7,0,0,0,0,0,0,0,0,1,0,0,0,0,HIDE,1,unknown,10,2025-05-12T06:37:59.480559
20,92,10,1,0,,0,7,7,5,0,0,0,0,0,0,0,0,0,0,0,0,0,HIDE,1,unknown,10,2025-05-12T06:37:59.503569
83,95,1,1,0,,0,10,10,5,1,0,0,0,0,0,0,0,0,0,0,0,0,DEFEND,0,unknown,1,2025-05-12T06:37:58.894749
83,95,1,1,0,,0,10,10,5,1,0,0,0,0,0,0,0,0,0,0,0,0,DEFEND,1,unknown,1,2025-05-12T06:37:58.895243
83,95,1,1,0,,0,10,10,5,1,0,0,0,0,0,0,0,0,0,0,0,0,DEFEND,1,unknown,1,2025-05-12T06:37:58.895726
86,97,2,1,0,,0,9,9,5,1,0,0,0,0,0,0,0,0,0,0,0,0,REST,1,unknown,2,2025-05-12T06:37:58.899093
86,97,2,1,0,,0,9,9,5,1,0,0,0,0,0,0,0,0,0,0,0,0,REST,1,unknown,2,2025-05-12T06:37:58.902120
86,97,2,1,0,,0,9,9,5,1,0,0,0,0,0,0,0,0,0,0,0,0,REST,1,unknown,2,2025-05-12T06:37:58.905260
69,92,3,1,0,,0,9,9,5,0,0,0,0,0,0,0,0,0,0,0,0,0,DEFEND,1,unknown,3,2025-05-12T06:37:58.920747
69,92,3,1,0,,0,9,9,5,0,0,0,0,0,0,0,0,0,0,0,0,0,DEFEND,1,unknown,3,2025-05-12T06:37:58.926471
69,92,3,1,0,,0,9,9,5,0,0,0,0,0,0,0,0,0,0,0,0,0,DEFEND,1,unknown,3,2025-05-12T06:37:58.933765
52,90,4,1,0,,0,9,9,5,0,0,0,0,0,0,0,0,0,0,0,0,0,EXPLORE,0,unknown,4,2025-05-12T06:37:58.941374
52,90,4,1,0,,0,9,9,7,0,0,0,0,0,0,0,0,1,0,0,0,0,EXPLORE,1,unknown,4,2025-05-12T06:37:58.944171
52,90,4,1,0,,0,9,9,7,0,0,0,0,0,0,0,0,1,0,0,0,0,EXPLORE,1,unknown,4,2025-05-12T06:37:58.947371
55,92,5,1,0,,0,8,8,5,0,0,0,0,0,0,0,0,0,0,0,0,0,REST,0,unknown,5,2025-05-12T06:37:58.954729
55,92,5,1,0,,0,8,8,7,0,0,0,0,0,0,0,0,1,0,0,0,0,REST,1,unknown,5,2025-05-12T06:37:58.974462
55,92,5,1,0,,0,8,8,7,0,0,0,0,0,0,0,0,1,0,0,0,0,REST,1,unknown,5,2025-05-12T06:37:58.994445
58,94,6,1,0,,0,7,7,5,0,0,0,0,0,0,0,0,0,0,0,0,0,REST,1,unknown,6,2025-05-12T06:37:59.008589
58,94,6,1,0,,0,7,7,7,0,0,0,0,0,0,0,0,1,0,0,0,0,REST,0,unknown,6,2025-05-12T06:37:59.022397
58,94,6,1,0,,0,7,7,7,0,0,0,0,0,0,0,0,1,0,0,0,0,REST,1,unknown,6,2025-05-12T06:37:59.057244
41,92,7,1,0,,0,7,7,6,0,0,0,0,0,0,0,0,1,0,0,0,0,EXPLORE,1,unknown,7,2025-05-12T06:37:59.085883
41,92,7,1,0,,0,7,7,7,0,0,0,0,0,0,0,0,2,0,0,0,0,EXPLORE,1,unknown,7,2025-05-12T06:37:59.274766
41,92,7,1,0,,0,7,7,7,0,0,0,0,0,0,0,0,1,0,0,0,0,EXPLORE,0,unknown,7,2025-05-12T06:37:59.286388
34,92,8,1,0,,0,7,7,6,0,0,0,0,0,0,0,0,1,0,0,0,0,HIDE,1,unknown,8,2025-05-12T06:37:59.304808
34,92,8,1,0,,0,7,7,7,0,0,0,0,0,0,0,0,2,0,0,0,0,HIDE,1,unknown,8,2025-05-12T06:37:59.317409
34,92,8,1,0,,0,7,7,7,0,0,0,0,0,0,0,0,1,0,0,0,0,HIDE,0,unknown,8,2025-05-12T06:37:59.332123
27,92,9,1,0,,0,7,7,6,0,0,0,0,0,0,0,0,1,0,0,0,0,HIDE,1,unknown,9,2025-05-12T06:37:59.360393
27,92,9,1,0,,0,7,7,7,0,0,0,0,0,0,0,0,2,0,0,0,0,HIDE,1,unknown,9,2025-05-12T06:37:59.388442
27,92,9,1,0,,0,7,7,7,0,0,0,0,0,0,0,0,1,0,0,0,0,HIDE,1,unknown,9,2025-05-12T06:37:59.423714
20,92,10,1,0,,0,7,7,6,0,0,0,0,0,0,0,0,1,0,0,0,0,HIDE,0,unknown,10,2025-05-12T06:37:59.452168
20,92,10,1,0,,0,7,7,7,0,0,0,0,0,0,0,0,2,0,0,0,0,HIDE,0,unknown,10,2025-05-12T06:37:59.480963
20,92,10,1,0,,0,7,7,7,0,0,0,0,0,0,0,0,1,0,0,0,0,HIDE,1,unknown,10,2025-05-12T06:37:59.500235
83,95,1,1,0,,0,10,10,5,1,0,0,0,0,0,0,0,0,0,0,0,0,DEFEND,1,unknown,1,2025-05-12T06:37:58.837447
83,95,1,1,0,,0,10,10,5,1,0,0,0,0,0,0,0,0,0,0,0,0,DEFEND,0,unknown,1,2025-05-12T06:37:58.840266
83,95,1,1,0,,0,10,10,5,1,0,0,0,0,0,0,0,0,0,0,0,0,DEFEND,0,unknown,1,2025-05-12T06:37:58.841001
86,97,2,1,0,,0,9,9,5,1,0,0,0,0,0,0,0,0,0,0,0,0,REST,1,unknown,2,2025-05-12T06:37:58.842002
86,97,2,1,0,,0,9,9,5,1,0,0,0,0,0,0,0,0,0,0,0,0,REST,1,unknown,2,2025-05-12T06:37:58.843398
86,97,2,1,0,,0,9,9,5,1,0,0,0,0,0,0,0,0,0,0,0,0,REST,0,unknown,2,2025-05-12T06:37:58.845093
69,92,3,1,0,,0,9,9,5,0,0,0,0,0,0,0,0,0,0,0,0,0,DEFEND,1,unknown,3,2025-05-12T06:37:58.853487
69,92,3,1,0,,0,9,9,5,0,0,0,0,0,0,0,0,0,0,0,0,0,DEFEND,1,unknown,3,2025-05-12T06:37:58.859506
69,92,3,1,0,,0,9,9,5,0,0,0,0,0,0,0,0,0,0,0,0,0,DEFEND,0,unknown,3,2025-05-12T06:37:58.862224
52,90,4,1,0,,0,9,9,6,0,0,0,0,0,0,0,0,1,0,0,0,0,EXPLORE,1,unknown,4,2025-05-12T06:37:58.865259
52,90,4,1,0,,0,9,9,5,0,0,0,0,0,0,0,0,1,0,0,0,0,EXPLORE,1,unknown,4,2025-05-12T06:37:58.870585
52,90,4,1,0,,0,9,9,7,0,0,0,0,0,0,0,0,1,0,0,0,0,EXPLORE,1,unknown,4,2025-05-12T06:37:58.876781
55,92,5,1,0,,0,8,8,6,0,0,0,0,0,0,0,0,1,0,0,0,0,REST,1,unknown,5,2025-05-12T06:37:58.881268
55,92,5,1,0,,0,8,8,5,0,0,0,0,0,0,0,0,1,0,0,0,0,REST,1,unknown,5,2025-05-12T06:37:58.885429
55,92,5,1,0,,0,8,8,7,0,0,0,0,0,0,0,0,1,0,0,0,0,REST,1,unknown,5,2025-05-12T06:37:58.890003
58,94,6,1,0,,0,7,7,6,0,0,0,0,0,0,0,0,1,0,0,0,0,REST,1,unknown,6,2025-05-12T06:37:58.900620
58,94,6,1,0,,0,7,7,5,0,0,0,0,0,0,0,0,1,0,0,0,0,REST,1,unknown,6,2025-05-12T06:37:58.911976
58,94,6,1,0,,0,7,7,7,0,0,0,0,0,0,0,0,1,0,0,0,0,REST,1,unknown,6,2025-05-12T06:37:58.923843
41,92,7,1,0,,0,7,7,6,0,0,0,0,0,0,0,0,1,0,0,0,0,EXPLORE,0,unknown,7,2025-05-12T06:37:58.939203
41,92,7,1,0,,0,7,7,5,0,0,0,0,0,0,0,0,1,0,0,0,0,EXPLORE,0,unknown,7,2025-05-12T06:37:58.957421
41,92,7,1,0,,0,7,7,9,0,0,0,0,0,0,0,0,2,0,0,0,0,EXPLORE,1,unknown,7,2025-05-12T06:37:58.990319
34,92,8,1,0,,0,7,7,6,0,0,0,0,0,0,0,0,1,0,0,0,0,HIDE,1,unknown,8,2025-05-12T06:37:59.011836
34,92,8,1,0,,0,7,7,5,0,0,0,0,0,0,0,0,1,0,0,0,0,HIDE,1,unknown,8,2025-05-12T06:37:59.083074
34,92,8,1,0,,0,7,7,9,0,0,0,0,0,0,0,0,2,0,0,0,0,HIDE,1,unknown,8,2025-05-12T06:37:59.107546
27,92,9,1,0,,0,7,7,6,0,0,0,0,0,0,0,0,1,0,0,0,0,HIDE,0,unknown,9,2025-05-12T06:37:59.120901
27,92,9,1,0,,0,7,7,5,0,0,0,0,0,0,0,0,1,0,0,0,0,HIDE,1,unknown,9,2025-05-12T06:37:59.156919
27,92,9,1,0,,0,7,7,9,0,0,0,0,0,0,0,0,2,0,0,0,0,HIDE,1,unknown,9,2025-05-12T06:37:59.179710
20,92,10,1,0,,0,7,7,6,0,0,0,0,0,0,0,0,1,0,0,0,0,HIDE,0,unknown,10,2025-05-12T06:37:59.299332
20,92,10,1,0,,0,7,7,5,0,0,0,0,0,0,0,0,1,0,0,0,0,HIDE,1,unknown,10,2025-05-12T06:37:59.355896
20,92,10,1,0,,0,7,7,9,0,0,0,0,0,0,0,0,2,0,0,0,0,HIDE,1,unknown,10,2025-05-12T06:37:59.377676
83,95,1,1,0,,0,10,10,5,1,0,0,0,0,0,0,0,0,0,0,0,0,DEFEND,0,unknown,1,2025-05-12T06:37:58.823869
83,95,1,1,0,,0,10,10,5,1,0,0,0,0,0,0,0,0,0,0,0,0,DEFEND,1,unknown,1,2025-05-12T06:37:58.824421
83,95,1,1,0,,0,10,10,5,1,0,0,0,0,0,0,0,0,0,0,0,0,DEFEND,1,unknown,1,2025-05-12T06:37:58.824912
86,97,2,1,0,,0,9,9,5,1,0,0,0,0,0,0,0,0,0,0,0,0,REST,1,unknown,2,2025-05-12T06:37:58.830814
86,97,2,1,0,,0,9,9,5,1,0,0,0,0,0,0,0,0,0,0,0,0,REST,1,unknown,2,2025-05-12T06:37:58.831704
86,97,2,1,0,,0,9,9,5,1,0,0,0,0,0,0,0,0,0,0,0,0,REST,1,unknown,2,2025-05-12T06:37:58.836672
69,92,3,1,0,,0,9,9,5,0,0,0,0,0,0,0,0,0,0,0,0,0,DEFEND,1,unknown,3,2025-05-12T06:37:58.846499
69,92,3,1,0,,0,9,9,5,0,0,0,0,0,0,0,0,0,0,0,0,0,DEFEND,1,unknown,3,2025-05-12T06:37:58.851474
69,92,3,1,0,,0,9,9,5,0,0,0,0,0,0,0,0,0,0,0,0,0,DEFEND,1,unknown,3,2025-05-12T06:37:58.855087
52,90,4,1,0,,0,9,9,7,0,0,0,0,0,0,0,0,1,0,0,0,0,EXPLORE,1,unknown,4,2025-05-12T06:37:58.872133
52,90,4,1,0,,0,9,9,7,0,0,0,0,0,0,0,0,1,0,0,0,0,EXPLORE,1,unknown,4,2025-05-12T06:37:58.874972
52,90,4,1,0,,0,9,9,5,0,0,0,0,0,0,0,0,0,0,0,0,0,EXPLORE,0,unknown,4,2025-05-12T06:37:58.879427
55,92,5,1,0,,0,8,8,7,0,0,0,0,0,0,0,0,1,0,0,0,0,REST,1,unknown,5,2025-05-12T06:37:58.886541
55,92,5,1,0,,0,8,8,7,0,0,0,0,0,0,0,0,1,0,0,0,0,REST,1,unknown,5,2025-05-12T06:37:58.890581
55,92,5,1,0,,0,8,8,5,0,0,0,0,0,0,0,0,0,0,0,0,0,REST,1,unknown,5,2025-05-12T06:37:58.904773
58,94,6,1,0,,0,7,7,7,0,0,0,0,0,0,0,0,1,0,0,0,0,REST,0,unknown,6,2025-05-12T06:37:58.913929
58,94,6,1,0,,0,7,7,7,0,0,0,0,0,0,0,0,1,0,0,0,0,REST,1,unknown,6,2025-05-12T06:37:58.922643
58,94,6,1,0,,0,7,7,5,0,0,0,0,0,0,0,0,0,0,0,0,0,REST,1,unknown,6,2025-05-12T06:37:58.973587
41,92,7,1,0,,0,7,7,7,0,0,0,0,0,0,0,0,1,0,0,0,0,EXPLORE,0,unknown,7,2025-05-12T06:37:58.991657
41,92,7,1,0,,0,7,7,7,0,0,0,0,0,0,0,0,1,0,0,0,0,EXPLORE,0,unknown,7,2025-05-12T06:37:59.022487
41,92,7,1,0,,0,7,7,5,0,0,0,0,0,0,0,0,0,0,0,0,0,EXPLORE,0,unknown,7,2025-05-12T06:37:59.060552
34,92,8,1,0,,0,7,7,7,0,0,0,0,0,0,0,0,1,0,0,0,0,HIDE,1,unknown,8,2025-05-12T06:37:59.084695
34,92,8,1,0,,0,7,7,7,0,0,0,0,0,0,0,0,1,0,0,0,0,HIDE,1,unknown,8,2025-05-12T06:37:59.116327
34,92,8,1,0,,0,7,7,5,0,0,0,0,0,0,0,0,0,0,0,0,0,HIDE,1,unknown,8,2025-05-12T06:37:59.129269
27,92,9,1,0,,0,7,7,7,0,0,0,0,0,0,0,0,1,0,0,0,0,HIDE,1,unknown,9,2025-05-12T06:37:59.140454
27,92,9,1,0,,0,7,7,7,0,0,0,0,0,0,0,0,1,0,0,0,0,HIDE,0,unknown,9,2025-05-12T06:37:59.155639
27,92,9,1,0,,0,7,7,5,0,0,0,0,0,0,0,0,0,0,0,0,0,HIDE,1,unknown,9,2025-05-12T06:37:59.276716
20,92,10,1,0,,0,7,7,7,0,0,0,0,0,0,0,0,1,0,0,0,0,HIDE,1,unknown,10,2025-05-12T06:37:59.319679
20,92,10,1,0,,0,7,7,7,0,0,0,0,0,0,0,0,1,0,0,0,0,HIDE,1,unknown,10,2025-05-12T06:37:59.331628
20,92,10,1,0,,0,7,7,5,0,0,0,0,0,0,0,0,0,0,0,0,0,HIDE,1,unknown,10,2025-05-12T06:37:59.349619
83,95,1,1,0,,0,10,10,5,1,0,0,0,0,0,0,0,0,0,0,0,0,DEFEND,1,unknown,1,2025-05-12T06:37:58.847775
83,95,1,1,0,,0,10,10,5,1,0,0,0,0,0,0,0,0,0,0,0,0,DEFEND,1,unknown,1,2025-05-12T06:37:58.848123
83,95,1,1,0,,0,10,10,5,1,0,0,0,0,0,0,0,0,0,0,0,0,DEFEND,1,unknown,1,2025-05-12T06:37:58.848594
86,97,2,1,0,,0,9,9,5,1,0,0,0,0,0,0,0,0,0,0,0,0,REST,1,unknown,2,2025-05-12T06:37:58.849486
86,97,2,1,0,,0,9,9,5,1,0,0,0,0,0,0,0,0,0,0,0,0,REST,1,unknown,2,2025-05-12T06:37:58.851631
86,97,2,1,0,,0,9,9,5,1,0,0,0,0,0,0,0,0,0,0,0,0,REST,0,unknown,2,2025-05-12T06:37:58.852758
69,92,3,1,0,,0,9,9,5,0,0,0,0,0,0,0,0,0,0,0,0,0,DEFEND,1,unknown,3,2025-05-12T06:37:58.859590
69,92,3,1,0,,0,9,9,5,0,0,0,0,0,0,0,0,0,0,0,0,0,DEFEND,1,unknown,3,2025-05-12T06:37:58.861345
69,92,3,1,0,,0,9,9,5,0,0,0,0,0,0,0,0,0,0,0,0,0,DEFEND,1,unknown,3,2025-05-12T06:37:58.866115
52,90,4,1,0,,0,9,9,6,0,0,0,0,0,0,0,0,1,0,0,0,0,EXPLORE,1,unknown,4,2025-05-12T06:37:58.871751
52,90,4,1,0,,0,9,9,5,0,0,0,0,0,0,0,0,0,0,0,0,0,EXPLORE,0,unknown,4,2025-05-12T06:37:58.879374
52,90,4,1,0,,0,9,9,6,0,0,0,0,0,0,0,0,1,0,0,0,0,EXPLORE,1,unknown,4,2025-05-12T06:37:58.919850
55,92,5,1,0,,0,8,8,6,0,0,0,0,0,0,0,0,1,0,0,0,0,REST,1,unknown,5,2025-05-12T06:37:58.943849
55,92,5,1,0,,0,8,8,5,0,0,0,0,0,0,0,0,0,0,0,0,0,REST,1,unknown,5,2025-05-12T06:37:58.966446
55,92,5,1,0,,0,8,8,6,0,0,0,0,0,0,0,0,1,0,0,0,0,REST,1,unknown,5,2025-05-12T06:37:58.998440
58,94,6,1,0,,0,7,7,6,0,0,0,0,0,0,0,0,1,0,0,0,0,REST,1,unknown,6,2025-05-12T06:37:59.015059
58,94,6,1,0,,0,7,7,5,0,0,0,0,0,0,0,0,0,0,0,0,0,REST,1,unknown,6,2025-05-12T06:37:59.025021
58,94,6,1,0,,0,7,7,6,0,0,0,0,0,0,0,0,1,0,0,0,0,REST,1,unknown,6,2025-05-12T06:37:59.032426
41,92,7,1,0,,0,7,7,6,0,0,0,0,0,0,0,0,1,0,0,0,0,EXPLORE,0,unknown,7,2025-05-12T06:37:59.042552
41,92,7,1,0,,0,7,7,5,0,0,0,0,0,0,0,0,0,0,0,0,0,EXPLORE,0,unknown,7,2025-05-12T06:37:59.057396
41,92,7,1,0,,0,7,7,8,0,0,0,0,0,0,0,0,2,0,0,0,0,EXPLORE,1,unknown,7,2025-05-12T06:37:59.069988
34,92,8,1,0,,0,7,7,6,0,0,0,0,0,0,0,0,1,0,0,0,0,HIDE,1,unknown,8,2025-05-12T06:37:59.096163
34,92,8,1,0,,0,7,7,5,0,0,0,0,0,0,0,0,0,0,0,0,0,HIDE,0,unknown,8,2025-05-12T06:37:59.114855
34,92,8,1,0,,0,7,7,8,0,0,0,0,0,0,0,0,2,0,0,0,0,HIDE,1,unknown,8,2025-05-12T06:37:59.168593
27,92,9,1,0,,0,7,7,6,0,0,0,0,0,0,0,0,1,0,0,0,0,HIDE,1,unknown,9,2025-05-12T06:37:59.182287
27,92,9,1,0,,0,7,7,5,0,0,0,0,0,0,0,0,0,0,0,0,0,HIDE,1,unknown,9,2025-05-12T06:37:59.196679
27,92,9,1,0,,0,7,7,8,0,0,0,0,0,0,0,0,2,0,0,0,0,HIDE,1,unknown,9,2025-05-12T06:37:59.295365
20,92,10,1,0,,0,7,7,6,0,0,0,0,0,0,0,0,1,0,0,0,0,HIDE,1,unknown,10,2025-05-12T06:37:59.332956
20,92,10,1,0,,0,7,7,5,0,0,0,0,0,0,0,0,0,0,0,0,0,HIDE,1,unknown,10,2025-05-12T06:37:59.373117
20,92,10,1,0,,0,7,7,8,0,0,0,0,0,0,0,0,2,0,0,0,0,HIDE,0,unknown,10,2025-05-12T06:37:59.386895
78,92,1,1,0,,0,10,10,5,2,0,1,0,0,0,0,0,0,0,0,0,0,FLEE,1,unknown,1,2025-05-12T06:37:58.899691
78,92,1,1,0,,0,10,10,5,2,0,0,0,0,0,0,0,0,0,0,0,0,FLEE,0,unknown,1,2025-05-12T06:37:58.900187
78,92,1,1,0,,0,10,10,5,2,0,1,0,0,0,0,0,0,0,0,0,0,FLEE,1,unknown,1,2025-05-12T06:37:58.909986
81,89,2,1,0,,0,9,9,5,2,0,1,0,0,0,0,0,0,0,0,0,0,REST,1,unknown,2,2025-05-12T06:37:58.910973
81,89,2,1,0,,0,9,9,5,2,0,0,0,0,0,0,0,0,0,0,0,0,REST,1,unknown,2,2025-05-12T06:37:58.912050
81,89,2,1,0,,0,9,9,5,2,0,1,0,0,0,0,0,0,0,0,0,0,REST,1,unknown,2,2025-05-12T06:37:58.913554
59,81,3,1,0,,0,9,9,5,2,0,2,0,0,0,0,0,0,0,0,0,0,FLEE,1,unknown,3,2025-05-12T06:37:58.917859
59,81,3,1,0,,0,9,9,5,2,0,1,0,0,0,0,0,0,0,0,0,0,FLEE,1,unknown,3,2025-05-12T06:37:58.919699
59,81,3,1,0,,0,9,9,5,2,0,2,0,0,0,0,0,0,0,0,0,0,FLEE,1,unknown,3,2025-05-12T06:37:58.922979
62,78,4,1,0,,0,8,8,5,2,0,2,0,0,0,0,0,0,0,0,0,0,REST,1,unknown,4,2025-05-12T06:37:58.936963
62,78,4,1,0,,0,8,8,5,2,0,1,0,0,0,0,0,0,0,0,0,0,REST,1,unknown,4,2025-05-12T06:37:58.951091
62,78,4,1,0,,0,8,8,5,2,0,2,0,0,0,0,0,0,0,0,0,0,REST,1,unknown,4,2025-05-12T06:37:58.954356
40,70,5,1,0,,0,8,8,5,2,0,2,0,0,0,0,0,0,0,0,0,0,FLEE,0,unknown,5,2025-05-12T06:37:58.966183
40,70,5,1,0,,0,8,8,5,2,0,2,0,0,0,0,0,0,0,0,0,0,FLEE,1,unknown,5,2025-05-12T06:37:59.003269
40,70,5,1,0,,0,8,8,5,2,0,2,0,0,0,0,0,0,0,0,0,0,FLEE,0,unknown,5,2025-05-12T06:37:59.013224
43,67,6,1,0,,0,7,7,5,2,0,2,0,0,0,0,0,0,0,0,0,0,REST,1,unknown,6,2025-05-12T06:37:59.024472
43,67,6,1,0,,0,7,7,5,2,0,2,0,0,0,0,0,0,0,0,0,0,REST,1,unknown,6,2025-05-12T06:37:59.033564
43,67,6,1,0,,0,7,7,5,2,0,2,0,0,0,0,0,0,0,0,0,0,REST,1,unknown,6,2025-05-12T06:37:59.054754
21,59,7,1,0,,0,7,7,5,2,0,3,0,0,0,0,0,0,0,0,0,0,FLEE,1,unknown,7,2025-05-12T06:37:59.076440
21,59,7,1,0,,0,7,7,5,2,0,3,0,0,0,0,0,0,0,0,0,0,FLEE,1,unknown,7,2025-05-12T06:37:59.088291
21,59,7,1,0,,0,7,7,5,2,0,3,0,0,0,0,0,0,0,0,0,0,FLEE,1,unknown,7,2025-05-12T06:37:59.096857
24,56,8,1,0,,0,6,6,5,2,0,3,0,0,0,0,0,0,0,0,0,0,REST,1,unknown,8,2025-05-12T06:37:59.120331
24,56,8,1,0,,0,6,6,5,2,0,3,0,0,0,0,0,0,0,0,0,0,REST,1,unknown,8,2025-05-12T06:37:59.188828
24,56,8,1,0,,0,6,6,5,2,0,3,0,0,0,0,0,0,0,0,0,0,REST,1,unknown,8,2025-05-12T06:37:59.200982
2,48,9,1,0,,0,6,6,5,2,0,4,0,0,0,0,0,0,0,0,0,0,FLEE,1,unknown,9,2025-05-12T06:37:59.271605
2,48,9,1,0,,0,6,6,5,2,0,4,0,0,0,0,0,0,0,0,0,0,FLEE,1,unknown,9,2025-05-12T06:37:59.325832
2,48,9,1,0,,0,6,6,5,2,0,4,0,0,0,0,0,0,0,0,0,0,FLEE,1,unknown,9,2025-05-12T06:37:59.342303
5,45,10,1,0,,0,5,5,5,2,0,4,0,0,0,0,0,0,0,0,0,0,REST,1,unknown,10,2025-05-12T06:37:59.391734
5,45,10,1,0,,0,5,5,5,2,0,4,0,0,0,0,0,0,0,0,0,0,REST,1,unknown,10,2025-05-12T06:37:59.425251
5,45,10,1,0,,0,5,5,5,2,0,4,0,0,0,0,0,0,0,0,0,0,REST,1,unknown,10,2025-05-12T06:37:59.452671
83,95,1,1,0,,0,10,10,5,1,0,0,0,0,0,0,0,0,0,0,0,0,DEFEND,1,unknown,1,2025-05-12T06:37:58.895960
83,95,1,1,0,,0,10,10,5,1,0,0,0,0,0,0,0,0,0,0,0,0,DEFEND,1,unknown,1,2025-05-12T06:37:58.896726
83,95,1,1,0,,0,10,10,5,1,0,0,0,0,0,0,0,0,0,0,0,0,DEFEND,1,unknown,1,2025-05-12T06:37:58.899788
86,97,2,1,0,,0,9,9,5,1,0,0,0,0,0,0,0,0,0,0,0,0,REST,1,unknown,2,2025-05-12T06:37:58.909683
86,97,2,1,0,,0,9,9,5,1,0,0,0,0,0,0,0,0,0,0,0,0,REST,1,unknown,2,2025-05-12T06:37:58.918934
86,97,2,1,0,,0,9,9,5,1,0,0,0,0,0,0,0,0,0,0,0,0,REST,1,unknown,2,2025-05-12T06:37:58.920201
69,92,3,1,0,,0,9,9,5,0,0,0,0,0,0,0,0,0,0,0,0,0,DEFEND,1,unknown,3,2025-05-12T06:37:58.927363
69,92,3,1,0,,0,9,9,5,0,0,0,0,0,0,0,0,0,0,0,0,0,DEFEND,1,unknown,3,2025-05-12T06:37:58.929456
69,92,3,1,0,,0,9,9,5,0,0,0,0,0,0,0,0,0,0,0,0,0,DEFEND,1,unknown,3,2025-05-12T06:37:58.935554
52,90,4,1,0,,0,9,9,5,0,0,0,0,0,0,0,0,0,0,0,0,0,EXPLORE,0,unknown,4,2025-05-12T06:37:58.949340
52,90,4,1,0,,0,9,9,6,0,0,0,0,0,0,0,0,1,0,0,0,0,EXPLORE,1,unknown,4,2025-05-12T06:37:58.970644
52,90,4,1,0,,0,9,9,6,0,0,0,0,0,0,0,0,1,0,0,0,0,EXPLORE,1,unknown,4,2025-05-12T06:37:58.975535
55,92,5,1,0,,0,8,8,5,0,0,0,0,0,0,0,0,0,0,0,0,0,REST,1,unknown,5,2025-05-12T06:37:59.003297
55,92,5,1,0,,0,8,8,6,0,0,0,0,0,0,0,0,1,0,0,0,0,REST,1,unknown,5,2025-05-12T06:37:59.015502
55,92,5,1,0,,0,8,8,6,0,0,0,0,0,0,0,0,1,0,0,0,0,REST,1,unknown,5,2025-05-12T06:37:59.023050
58,94,6,1,0,,0,7,7,5,0,0,0,0,0,0,0,0,0,0,0,0,0,REST,1,unknown,6,2025-05-12T06:37:59.033602
58,94,6,1,0,,0,7,7,6,0,0,0,0,0,0,0,0,1,0,0,0,0,REST,1,unknown,6,2025-05-12T06:37:59.040523
58,94,6,1,0,,0,7,7,6,0,0,0,0,0,0,0,0,1,0,0,0,0,REST,1,unknown,6,2025-05-12T06:37:59.050996
41,92,7,1,0,,0,7,7,5,0,0,0,0,0,0,0,0,0,0,0,0,0,EXPLORE,0,unknown,7,2025-05-12T06:37:59.067325
41,92,7,1,0,,0,7,7,6,0,0,0,0,0,0,0,0,1,0,0,0,0,EXPLORE,0,unknown,7,2025-05-12T06:37:59.075515
41,92,7,1,0,,0,7,7,6,0,0,0,0,0,0,0,0,1,0,0,0,0,EXPLORE,0,unknown,7,2025-05-12T06:37:59.084855
34,92,8,1,0,,0,7,7,5,0,0,0,0,0,0,0,0,0,0,0,0,0,HIDE,1,unknown,8,2025-05-12T06:37:59.112158
34,92,8,1,0,,0,7,7,6,0,0,0,0,0,0,0,0,1,0,0,0,0,HIDE,1,unknown,8,2025-05-12T06:37:59.178016
34,92,8,1,0,,0,7,7,6,0,0,0,0,0,0,0,0,1,0,0,0,0,HIDE,1,unknown,8,2025-05-12T06:37:59.228476
27,92,9,1,0,,0,7,7,5,0,0,0,0,0,0,0,0,0,0,0,0,0,HIDE,0,unknown,9,2025-05-12T06:37:59.240717
27,92,9,1,0,,0,7,7,6,0,0,0,0,0,0,0,0,1,0,0,0,0,HIDE,1,unknown,9,2025-05-12T06:37:59.253001
27,92,9,1,0,,0,7,7,6,0,0,0,0,0,0,0,0,1,0,0,0,0,HIDE,1,unknown,9,2025-05-12T06:37:59.347530
20,92,10,1,0,,0,7,7,5,0,0,0,0,0,0,0,0,0,0,0,0,0,HIDE,1,unknown,10,2025-05-12T06:37:59.396897
20,92,10,1,0,,0,7,7,6,0,0,0,0,0,0,0,0,1,0,0,0,0,HIDE,1,unknown,10,2025-05-12T06:37:59.413428
20,92,10,1,0,,0,7,7,6,0,0,0,0,0,0,0,0,1,0,0,0,0,HIDE,1,unknown,10,2025-05-12T06:37:59.462949
83,95,1,1,0,,0,10,10,5,1,0,0,0,0,0,0,0,0,0,0,0,0,DEFEND,0,unknown,1,2025-05-12T06:37:58.896848
83,95,1,1,0,,0,10,10,5,1,0,0,0,0,0,0,0,0,0,0,0,0,DEFEND,1,unknown,1,2025-05-12T06:37:58.899431
83,95,1,1,0,,0,10,10,5,1,0,0,0,0,0,0,0,0,0,0,0,0,DEFEND,0,unknown,1,2025-05-12T06:37:58.902803
86,97,2,1,0,,0,9,9,5,1,0,0,0,0,0,0,0,0,0,0,0,0,REST,1,unknown,2,2025-05-12T06:37:58.906530
86,97,2,1,0,,0,9,9,5,1,0,0,0,0,0,0,0,0,0,0,0,0,REST,1,unknown,2,2025-05-12T06:37:58.914449
86,97,2,1,0,,0,9,9,5,1,0,0,0,0,0,0,0,0,0,0,0,0,REST,0,unknown,2,2025-05-12T06:37:58.922613
69,92,3,1,0,,0,9,9,5,0,0,0,0,0,0,0,0,0,0,0,0,0,DEFEND,1,unknown,3,2025-05-12T06:37:58.926671
69,92,3,1,0,,0,9,9,5,0,0,0,0,0,0,0,0,0,0,0,0,0,DEFEND,1,unknown,3,2025-05-12T06:37:58.930778
69,92,3,1,0,,0,9,9,5,0,0,0,0,0,0,0,0,0,0,0,0,0,DEFEND,1,unknown,3,2025-05-12T06:37:58.936392
52,90,4,1,0,,0,9,9,5,0,0,0,0,0,0,0,0,1,0,0,0,0,EXPLORE,1,unknown,4,2025-05-12T06:37:58.941292
52,90,4,1,0,,0,9,9,5,0,0,0,0,0,0,0,0,1,0,0,0,0,EXPLORE,1,unknown,4,2025-05-12T06:37:58.944090
52,90,4,1,0,,0,9,9,5,0,0,0,0,0,0,0,0,1,0,0,0,0,EXPLORE,1,unknown,4,2025-05-12T06:37:58.950050
55,92,5,1,0,,0,8,8,5,0,0,0,0,0,0,0,0,1,0,0,0,0,REST,1,unknown,5,2025-05-12T06:37:58.962201
55,92,5,1,0,,0,8,8,5,0,0,0,0,0,0,0,0,1,0,0,0,0,REST,1,unknown,5,2025-05-12T06:37:58.980763
55,92,5,1,0,,0,8,8,5,0,0,0,0,0,0,0,0,1,0,0,0,0,REST,1,unknown,5,2025-05-12T06:37:58.993028
58,94,6,1,0,,0,7,7,5,0,0,0,0,0,0,0,0,1,0,0,0,0,REST,1,unknown,6,2025-05-12T06:37:59.013916
58,94,6,1,0,,0,7,7,5,0,0,0,0,0,0,0,0,1,0,0,0,0,REST,1,unknown,6,2025-05-12T06:37:59.066056
58,94,6,1,0,,0,7,7,5,0,0,0,0,0,0,0,0,1,0,0,0,0,REST,1,unknown,6,2025-05-12T06:37:59.078716
41,92,7,1,0,,0,7,7,5,0,0,0,0,0,0,0,0,1,0,0,0,0,EXPLORE,0,unknown,7,2025-05-12T06:37:59.099302
41,92,7,1,0,,0,7,7,6,0,0,0,0,0,0,0,0,2,0,0,0,0,EXPLORE,1,unknown,7,2025-05-12T06:37:59.169421
41,92,7,1,0,,0,7,7,7,0,0,0,0,0,0,0,0,2,0,0,0,0,EXPLORE,1,unknown,7,2025-05-12T06:37:59.212224
34,92,8,1,0,,0,7,7,5,0,0,0,0,0,0,0,0,1,0,0,0,0,HIDE,1,unknown,8,2025-05-12T06:37:59.230034
34,92,8,1,0,,0,7,7,6,0,0,0,0,0,0,0,0,2,0,0,0,0,HIDE,1,unknown,8,2025-05-12T06:37:59.246229
34,92,8,1,0,,0,7,7,7,0,0,0,0,0,0,0,0,2,0,0,0,0,HIDE,1,unknown,8,2025-05-12T06:37:59.257382
27,92,9,1,0,,0,7,7,5,0,0,0,0,0,0,0,0,1,0,0,0,0,HIDE,1,unknown,9,2025-05-12T06:37:59.354563
27,92,9,1,0,,0,7,7,6,0,0,0,0,0,0,0,0,2,0,0,0,0,HIDE,0,unknown,9,2025-05-12T06:37:59.375154
27,92,9,1,0,,0,7,7,7,0,0,0,0,0,0,0,0,2,0,0,0,0,HIDE,0,unknown,9,2025-05-12T06:37:59.417590
20,92,10,1,0,,0,7,7,5,0,0,0,0,0,0,0,0,1,0,0,0,0,HIDE,1,unknown,10,2025-05-12T06:37:59.451413
20,92,10,1,0,,0,7,7,6,0,0,0,0,0,0,0,0,2,0,0,0,0,HIDE,1,unknown,10,2025-05-12T06:37:59.468942
20,92,10,1,0,,0,7,7,7,0,0,0,0,0,0,0,0,2,0,0,0,0,HIDE,1,unknown,10,2025-05-12T06:37:59.494427
83,95,1,1,0,,0,10,10,5,1,0,0,0,0,0,0,0,0,0,0,0,0,DEFEND,1,unknown,1,2025-05-12T06:37:58.831671
83,95,1,1,0,,0,10,10,5,1,0,0,0,0,0,0,0,0,0,0,0,0,DEFEND,0,unknown,1,2025-05-12T06:37:58.837185
83,95,1,1,0,,0,10,10,5,1,0,0,0,0,0,0,0,0,0,0,0,0,DEFEND,0,unknown,1,2025-05-12T06:37:58.840078
86,97,2,1,0,,0,9,9,5,1,0,0,0,0,0,0,0,0,0,0,0,0,REST,1,unknown,2,2025-05-12T06:37:58.846309
86,97,2,1,0,,0,9,9,5,1,0,0,0,0,0,0,0,0,0,0,0,0,REST,1,unknown,2,2025-05-12T06:37:58.847990
86,97,2,1,0,,0,9,9,5,1,0,0,0,0,0,0,0,0,0,0,0,0,REST,1,unknown,2,2025-05-12T06:37:58.849915
69,92,3,1,0,,0,9,9,5,0,0,0,0,0,0,0,0,0,0,0,0,0,DEFEND,1,unknown,3,2025-05-12T06:37:58.878412
69,92,3,1,0,,0,9,9,5,0,0,0,0,0,0,0,0,0,0,0,0,0,DEFEND,0,unknown,3,2025-05-12T06:37:58.885550
69,92,3,1,0,,0,9,9,5,0,0,0,0,0,0,0,0,0,0,0,0,0,DEFEND,1,unknown,3,2025-05-12T06:37:58.899432
52,90,4,1,0,,0,9,9,5,0,0,0,0,0,0,0,0,0,0,0,0,0,EXPLORE,0,unknown,4,2025-05-12T06:37:58.905411
52,90,4,1,0,,0,9,9,5,0,0,0,0,0,0,0,0,0,0,0,0,0,EXPLORE,0,unknown,4,2025-05-12T06:37:58.922613
52,90,4,1,0,,0,9,9,5,0,0,0,0,0,0,0,0,1,0,0,0,0,EXPLORE,1,unknown,4,2025-05-12T06:37:58.936681
55,92,5,1,0,,0,8,8,5,0,0,0,0,0,0,0,0,0,0,0,0,0,REST,1,unknown,5,2025-05-12T06:37:58.941076
55,92,5,1,0,,0,8,8,5,0,0,0,0,0,0,0,0,0,0,0,0,0,REST,1,unknown,5,2025-05-12T06:37:58.952390
55,92,5,1,0,,0,8,8,5,0,0,0,0,0,0,0,0,1,0,0,0,0,REST,1,unknown,5,2025-05-12T06:37:58.975912
58,94,6,1,0,,0,7,7,5,0,0,0,0,0,0,0,0,0,0,0,0,0,REST,1,unknown,6,2025-05-12T06:37:59.010256
58,94,6,1,0,,0,7,7,5,0,0,0,0,0,0,0,0,0,0,0,0,0,REST,0,unknown,6,2025-05-12T06:37:59.019621
58,94,6,1,0,,0,7,7,5,0,0,0,0,0,0,0,0,1,0,0,0,0,REST,1,unknown,6,2025-05-12T06:37:59.030390
41,92,7,1,0,,0,7,7,5,0,0,0,0,0,0,0,0,1,0,0,0,0,EXPLORE,1,unknown,7,2025-05-12T06:37:59.051495
41,92,7,1,0,,0,7,7,6,0,0,0,0,0,0,0,0,1,0,0,0,0,EXPLORE,1,unknown,7,2025-05-12T06:37:59.094246
41,92,7,1,0,,0,7,7,5,0,0,0,0,0,0,0,0,2,0,0,0,0,EXPLORE,1,unknown,7,2025-05-12T06:37:59.120033
34,92,8,1,0,,0,7,7,5,0,0,0,0,0,0,0,0,1,0,0,0,0,HIDE,1,unknown,8,2025-05-12T06:37:59.141543
34,92,8,1,0,,0,7,7,6,0,0,0,0,0,0,0,0,1,0,0,0,0,HIDE,1,unknown,8,2025-05-12T06:37:59.150764
34,92,8,1,0,,0,7,7,5,0,0,0,0,0,0,0,0,2,0,0,0,0,HIDE,1,unknown,8,2025-05-12T06:37:59.161901
27,92,9,1,0,,0,7,7,5,0,0,0,0,0,0,0,0,1,0,0,0,0,HIDE,1,unknown,9,2025-05-12T06:37:59.270124
27,92,9,1,0,,0,7,7,6,0,0,0,0,0,0,0,0,1,0,0,0,0,HIDE,1,unknown,9,2025-05-12T06:37:59.297200
27,92,9,1,0,,0,7,7,5,0,0,0,0,0,0,0,0,2,0,0,0,0,HIDE,0,unknown,9,2025-05-12T06:37:59.317893
20,92,10,1,0,,0,7,7,5,0,0,0,0,0,0,0,0,1,0,0,0,0,HIDE,1,unknown,10,2025-05-12T06:37:59.348777
20,92,10,1,0,,0,7,7,6,0,0,0,0,0,0,0,0,1,0,0,0,0,HIDE,1,unknown,10,2025-05-12T06:37:59.360285
20,92,10,1,0,,0,7,7,5,0,0,0,0,0,0,0,0,2,0,0,0,0,HIDE,1,unknown,10,2025-05-12T06:37:59.443321
83,95,1,1,0,,0,10,10,5,1,0,0,0,0,0,0,0,0,0,0,0,0,DEFEND,1,unknown,1,2025-05-12T06:37:58.833917
83,95,1,1,0,,0,10,10,5,1,0,0,0,0,0,0,0,0,0,0,0,0,DEFEND,1,unknown,1,2025-05-12T06:37:58.834240
83,95,1,1,0,,0,10,10,5,1,0,0,0,0,0,0,0,0,0,0,0,0,DEFEND,0,unknown,1,2025-05-12T06:37:58.837318
86,97,2,1,0,,0,9,9,5,1,0,0,0,0,0,0,0,0,0,0,0,0,REST,1,unknown,2,2025-05-12T06:37:58.841920
86,97,2,1,0,,0,9,9,5,1,0,0,0,0,0,0,0,0,0,0,0,0,REST,1,unknown,2,2025-05-12T06:37:58.842852
86,97,2,1,0,,0,9,9,5,1,0,0,0,0,0,0,0,0,0,0,0,0,REST,1,unknown,2,2025-05-12T06:37:58.843932
69,92,3,1,0,,0,9,9,5,0,0,0,0,0,0,0,0,0,0,0,0,0,DEFEND,1,unknown,3,2025-05-12T06:37:58.849974
69,92,3,1,0,,0,9,9,5,0,0,0,0,0,0,0,0,0,0,0,0,0,DEFEND,1,unknown,3,2025-05-12T06:37:58.853008
69,92,3,1,0,,0,9,9,5,0,0,0,0,0,0,0,0,0,0,0,0,0,DEFEND,1,unknown,3,2025-05-12T06:37:58.858901
52,90,4,1,0,,0,9,9,5,0,0,0,0,0,0,0,0,0,0,0,0,0,EXPLORE,0,unknown,4,2025-05-12T06:37:58.880614
52,90,4,1,0,,0,9,9,5,0,0,0,0,0,0,0,0,0,0,0,0,0,EXPLORE,0,unknown,4,2025-05-12T06:37:58.900783
52,90,4,1,0,,0,9,9,5,0,0,0,0,0,0,0,0,0,0,0,0,0,EXPLORE,0,unknown,4,2025-05-12T06:37:58.913017
55,92,5,1,0,,0,8,8,5,0,0,0,0,0,0,0,0,0,0,0,0,0,REST,1,unknown,5,2025-05-12T06:37:58.919548
55,92,5,1,0,,0,8,8,5,0,0,0,0,0,0,0,0,0,0,0,0,0,REST,1,unknown,5,2025-05-12T06:37:58.935110
55,92,5,1,0,,0,8,8,5,0,0,0,0,0,0,0,0,0,0,0,0,0,REST,1,unknown,5,2025-05-12T06:37:58.947400
58,94,6,1,0,,0,7,7,5,0,0,0,0,0,0,0,0,0,0,0,0,0,REST,1,unknown,6,2025-05-12T06:37:58.973625
58,94,6,1,0,,0,7,7,5,0,0,0,0,0,0,0,0,0,0,0,0,0,REST,1,unknown,6,2025-05-12T06:37:58.988490
58,94,6,1,0,,0,7,7,5,0,0,0,0,0,0,0,0,0,0,0,0,0,REST,1,unknown,6,2025-05-12T06:37:59.018871
41,92,7,1,0,,0,7,7,6,0,0,0,0,0,0,0,0,1,0,0,0,0,EXPLORE,1,unknown,7,2025-05-12T06:37:59.037051
41,92,7,1,0,,0,7,7,5,0,0,0,0,0,0,0,0,1,0,0,0,0,EXPLORE,1,unknown,7,2025-05-12T06:37:59.049521
41,92,7,1,0,,0,7,7,5,0,0,0,0,0,0,0,0,1,0,0,0,0,EXPLORE,1,unknown,7,2025-05-12T06:37:59.141425
34,92,8,1,0,,0,7,7,6,0,0,0,0,0,0,0,0,1,0,0,0,0,HIDE,1,unknown,8,2025-05-12T06:37:59.160851
34,92,8,1,0,,0,7,7,5,0,0,0,0,0,0,0,0,1,0,0,0,0,HIDE,1,unknown,8,2025-05-12T06:37:59.208830
34,92,8,1,0,,0,7,7,5,0,0,0,0,0,0,0,0,1,0,0,0,0,HIDE,0,unknown,8,2025-05-12T06:37:59.255308
27,92,9,1,0,,0,7,7,6,0,0,0,0,0,0,0,0,1,0,0,0,0,HIDE,0,unknown,9,2025-05-12T06:37:59.309187
27,92,9,1,0,,0,7,7,5,0,0,0,0,0,0,0,0,1,0,0,0,0,HIDE,1,unknown,9,2025-05-12T06:37:59.364911
27,92,9,1,0,,0,7,7,5,0,0,0,0,0,0,0,0,1,0,0,0,0,HIDE,1,unknown,9,2025-05-12T06:37:59.383122
20,92,10,1,0,,0,7,7,6,0,0,0,0,0,0,0,0,1,0,0,0,0,HIDE,1,unknown,10,2025-05-12T06:37:59.445889
20,92,10,1,0,,0,7,7,5,0,0,0,0,0,0,0,0,1,0,0,0,0,HIDE,1,unknown,10,2025-05-12T06:37:59.463075
20,92,10,1,0,,0,7,7,5,0,0,0,0,0,0,0,0,1,0,0,0,0,HIDE,0,unknown,10,2025-05-12T06:37:59.476624
83,95,1,1,0,,0,10,10,5,1,0,0,0,0,0,0,0,0,0,0,0,0,DEFEND,1,unknown,1,2025-05-12T06:37:58.900300
83,95,1,1,0,,0,10,10,5,1,0,0,0,0,0,0,0,0,0,0,0,0,DEFEND,1,unknown,1,2025-05-12T06:37:58.900608
83,95,1,1,0,,0,10,10,5,1,0,0,0,0,0,0,0,0,0,0,0,0,DEFEND,1,unknown,1,2025-05-12T06:37:58.906014
86,97,2,1,0,,0,9,9,5,1,0,0,0,0,0,0,0,0,0,0,0,0,REST,1,unknown,2,2025-05-12T06:37:58.907136
86,97,2,1,0,,0,9,9,5,1,0,0,0,0,0,0,0,0,0,0,0,0,REST,1,unknown,2,2025-05-12T06:37:58.907989
86,97,2,1,0,,0,9,9,5,1,0,0,0,0,0,0,0,0,0,0,0,0,REST,1,unknown,2,2025-05-12T06:37:58.909102
69,92,3,1,0,,0,9,9,5,0,0,0,0,0,0,0,0,0,0,0,0,0,DEFEND,1,unknown,3,2025-05-12T06:37:58.914613
69,92,3,1,0,,0,9,9,5,0,0,0,0,0,0,0,0,0,0,0,0,0,DEFEND,0,unknown,3,2025-05-12T06:37:58.916319
69,92,3,1,0,,0,9,9,5,0,0,0,0,0,0,0,0,0,0,0,0,0,DEFEND,0,unknown,3,2025-05-12T06:37:58.918651
52,90,4,1,0,,0,9,9,5,0,0,0,0,0,0,0,0,0,0,0,0,0,EXPLORE,0,unknown,4,2025-05-12T06:37:58.930663
52,90,4,1,0,,0,9,9,5,0,0,0,0,0,0,0,0,1,0,0,0,0,EXPLORE,1,unknown,4,2025-05-12T06:37:58.936076
52,90,4,1,0,,0,9,9,5,0,0,0,0,0,0,0,0,1,0,0,0,0,EXPLORE,1,unknown,4,2025-05-12T06:37:58.958133
55,92,5,1,0,,0,8,8,5,0,0,0,0,0,0,0,0,0,0,0,0,0,REST,1,unknown,5,2025-05-12T06:37:58.979463
55,92,5,1,0,,0,8,8,5,0,0,0,0,0,0,0,0,1,0,0,0,0,REST,1,unknown,5,2025-05-12T06:37:58.986420
55,92,5,1,0,,0,8,8,5,0,0,0,0,0,0,0,0,1,0,0,0,0,REST,1,unknown,5,2025-05-12T06:37:59.001327
58,94,6,1,0,,0,7,7,5,0,0,0,0,0,0,0,0,0,0,0,0,0,REST,1,unknown,6,2025-05-12T06:37:59.036599
58,94,6,1,0,,0,7,7,5,0,0,0,0,0,0,0,0,1,0,0,0,0,REST,1,unknown,6,2025-05-12T06:37:59.082011
58,94,6,1,0,,0,7,7,5,0,0,0,0,0,0,0,0,1,0,0,0,0,REST,1,unknown,6,2025-05-12T06:37:59.135685
41,92,7,1,0,,0,7,7,5,0,0,0,0,0,0,0,0,0,0,0,0,0,EXPLORE,0,unknown,7,2025-05-12T06:37:59.145230
41,92,7,1,0,,0,7,7,5,0,0,0,0,0,0,0,0,1,0,0,0,0,EXPLORE,0,unknown,7,2025-05-12T06:37:59.155043
41,92,7,1,0,,0,7,7,7,0,0,0,0,0,0,0,0,2,0,0,0,0,EXPLORE,1,unknown,7,2025-05-12T06:37:59.169660
34,92,8,1,0,,0,7,7,5,0,0,0,0,0,0,0,0,0,0,0,0,0,HIDE,1,unknown,8,2025-05-12T06:37:59.217577
34,92,8,1,0,,0,7,7,5,0,0,0,0,0,0,0,0,1,0,0,0,0,HIDE,1,unknown,8,2025-05-12T06:37:59.226475
34,92,8,1,0,,0,7,7,7,0,0,0,0,0,0,0,0,2,0,0,0,0,HIDE,1,unknown,8,2025-05-12T06:37:59.236385
27,92,9,1,0,,0,7,7,5,0,0,0,0,0,0,0,0,0,0,0,0,0,HIDE,1,unknown,9,2025-05-12T06:37:59.248460
27,92,9,1,0,,0,7,7,5,0,0,0,0,0,0,0,0,1,0,0,0,0,HIDE,1,unknown,9,2025-05-12T06:37:59.266515
27,92,9,1,0,,0,7,7,7,0,0,0,0,0,0,0,0,2,0,0,0,0,HIDE,1,unknown,9,2025-05-12T06:37:59.287563
20,92,10,1,0,,0,7,7,5,0,0,0,0,0,0,0,0,0,0,0,0,0,HIDE,1,unknown,10,2025-05-12T06:37:59.402748
20,92,10,1,0,,0,7,7,5,0,0,0,0,0,0,0,0,1,0,0,0,0,HIDE,1,unknown,10,2025-05-12T06:37:59.420369
20,92,10,1,0,,0,7,7,7,0,0,0,0,0,0,0,0,2,0,0,0,0,HIDE,1,unknown,10,2025-05-12T06:37:59.477389
83,95,1,1,0,,0,10,10,5,1,0,0,0,0,0,0,0,0,0,0,0,0,DEFEND,1,unknown,1,2025-05-12T06:37:58.842283
83,95,1,1,0,,0,10,10,5,1,0,0,0,0,0,0,0,0,0,0,0,0,DEFEND,0,unknown,1,2025-05-12T06:37:58.842637
83,95,1,1,0,,0,10,10,5,1,0,0,0,0,0,0,0,0,0,0,0,0,DEFEND,1,unknown,1,2025-05-12T06:37:58.846674
86,97,2,1,0,,0,9,9,5,1,0,0,0,0,0,0,0,0,0,0,0,0,REST,1,unknown,2,2025-05-12T06:37:58.847729
86,97,2,1,0,,0,9,9,5,1,0,0,0,0,0,0,0,0,0,0,0,0,REST,1,unknown,2,2025-05-12T06:37:58.848616
86,97,2,1,0,,0,9,9,5,1,0,0,0,0,0,0,0,0,0,0,0,0,REST,1,unknown,2,2025-05-12T06:37:58.853040
69,92,3,1,0,,0,9,9,5,0,0,0,0,0,0,0,0,0,0,0,0,0,DEFEND,1,unknown,3,2025-05-12T06:37:58.857175
69,92,3,1,0,,0,9,9,5,0,0,0,0,0,0,0,0,0,0,0,0,0,DEFEND,1,unknown,3,2025-05-12T06:37:58.862204
69,92,3,1,0,,0,9,9,5,0,0,0,0,0,0,0,0,0,0,0,0,0,DEFEND,1,unknown,3,2025-05-12T06:37:58.864473
52,90,4,1,0,,0,9,9,5,0,0,0,0,0,0,0,0,0,0,0,0,0,EXPLORE,0,unknown,4,2025-05-12T06:37:58.867905
52,90,4,1,0,,0,9,9,7,0,0,0,0,0,0,0,0,1,0,0,0,0,EXPLORE,1,unknown,4,2025-05-12T06:37:58.874956
52,90,4,1,0,,0,9,9,5,0,0,0,0,0,0,0,0,0,0,0,0,0,EXPLORE,0,unknown,4,2025-05-12T06:37:58.878196
55,92,5,1,0,,0,8,8,5,0,0,0,0,0,0,0,0,0,0,0,0,0,REST,1,unknown,5,2025-05-12T06:37:58.882680
55,92,5,1,0,,0,8,8,7,0,0,0,0,0,0,0,0,1,0,0,0,0,REST,1,unknown,5,2025-05-12T06:37:58.889637
55,92,5,1,0,,0,8,8,5,0,0,0,0,0,0,0,0,0,0,0,0,0,REST,1,unknown,5,2025-05-12T06:37:58.935463
58,94,6,1,0,,0,7,7,5,0,0,0,0,0,0,0,0,0,0,0,0,0,REST,1,unknown,6,2025-05-12T06:37:58.957997
58,94,6,1,0,,0,7,7,7,0,0,0,0,0,0,0,0,1,0,0,0,0,REST,1,unknown,6,2025-05-12T06:37:59.001744
58,94,6,1,0,,0,7,7,5,0,0,0,0,0,0,0,0,0,0,0,0,0,REST,1,unknown,6,2025-05-12T06:37:59.013042
41,92,7,1,0,,0,7,7,5,0,0,0,0,0,0,0,0,0,0,0,0,0,EXPLORE,0,unknown,7,2025-05-12T06:37:59.027017
41,92,7,1,0,,0,7,7,7,0,0,0,0,0,0,0,0,1,0,0,0,0,EXPLORE,0,unknown,7,2025-05-12T06:37:59.036069
41,92,7,1,0,,0,7,7,5,0,0,0,0,0,0,0,0,0,0,0,0,0,EXPLORE,0,unknown,7,2025-05-12T06:37:59.044473
34,92,8,1,0,,0,7,7,5,0,0,0,0,0,0,0,0,0,0,0,0,0,HIDE,1,unknown,8,2025-05-12T06:37:59.078792
34,92,8,1,0,,0,7,7,7,0,0,0,0,0,0,0,0,1,0,0,0,0,HIDE,1,unknown,8,2025-05-12T06:37:59.102004
34,92,8,1,0,,0,7,7,5,0,0,0,0,0,0,0,0,0,0,0,0,0,HIDE,1,unknown,8,2025-05-12T06:37:59.196223
27,92,9,1,0,,0,7,7,5,0,0,0,0,0,0,0,0,0,0,0,0,0,HIDE,1,unknown,9,2025-05-12T06:37:59.244350
27,92,9,1,0,,0,7,7,7,0,0,0,0,0,0,0,0,1,0,0,0,0,HIDE,1,unknown,9,2025-05-12T06:37:59.308973
27,92,9,1,0,,0,7,7,5,0,0,0,0,0,0,0,0,0,0,0,0,0,HIDE,1,unknown,9,2025-05-12T06:37:59.352053
20,92,10,1,0,,0,7,7,5,0,0,0,0,0,0,0,0,0,0,0,0,0,HIDE,1,unknown,10,2025-05-12T06:37:59.366595
20,92,10,1,0,,0,7,7,7,0,0,0,0,0,0,0,0,1,0,0,0,0,HIDE,0,unknown,10,2025-05-12T06:37:59.391092
20,92,10,1,0,,0,7,7,5,0,0,0,0,0,0,0,0,0,0,0,0,0,HIDE,1,unknown,10,2025-05-12T06:37:59.403471
78,92,1,1,0,,0,10,10,5,2,0,1,0,0,0,0,0,0,0,0,0,0,FLEE,1,unknown,1,2025-05-12T06:37:58.805829
78,92,1,1,0,,0,10,10,5,2,0,0,0,0,0,0,0,0,0,0,0,0,FLEE,0,unknown,1,2025-05-12T06:37:58.806359
78,92,1,1,0,,0,10,10,5,2,0,1,0,0,0,0,0,0,0,0,0,0,FLEE,1,unknown,1,2025-05-12T06:37:58.808345
81,89,2,1,0,,0,9,9,5,2,0,1,0,0,0,0,0,0,0,0,0,0,REST,1,unknown,2,2025-05-12T06:37:58.816094
81,89,2,1,0,,0,9,9,5,2,0,0,0,0,0,0,0,0,0,0,0,0,REST,1,unknown,2,2025-05-12T06:37:58.817356
81,89,2,1,0,,0,9,9,5,2,0,1,0,0,0,0,0,0,0,0,0,0,REST,1,unknown,2,2025-05-12T06:37:58.818545
59,81,3,1,0,,0,9,9,5,2,0,2,0,0,0,0,0,0,0,0,0,0,FLEE,1,unknown,3,2025-05-12T06:37:58.821872
59,81,3,1,0,,0,9,9,5,2,0,1,0,0,0,0,0,0,0,0,0,0,FLEE,1,unknown,3,2025-05-12T06:37:58.823649
59,81,3,1,0,,0,9,9,5,2,0,2,0,0,0,0,0,0,0,0,0,0,FLEE,1,unknown,3,2025-05-12T06:37:58.829030
62,78,4,1,0,,0,8,8,5,2,0,2,0,0,0,0,0,0,0,0,0,0,REST,1,unknown,4,2025-05-12T06:37:58.833741
62,78,4,1,0,,0,8,8,5,2,0,1,0,0,0,0,0,0,0,0,0,0,REST,1,unknown,4,2025-05-12T06:37:58.843009
62,78,4,1,0,,0,8,8,5,2,0,2,0,0,0,0,0,0,0,0,0,0,REST,1,unknown,4,2025-05-12T06:37:58.853424
40,70,5,1,0,,0,8,8,5,2,0,2,0,0,0,0,0,0,0,0,0,0,FLEE,0,unknown,5,2025-05-12T06:37:58.857740
40,70,5,1,0,,0,8,8,5,2,0,2,0,0,0,0,0,0,0,0,0,0,FLEE,1,unknown,5,2025-05-12T06:37:58.862403
40,70,5,1,0,,0,8,8,5,2,0,2,0,0,0,0,0,0,0,0,0,0,FLEE,0,unknown,5,2025-05-12T06:37:58.870079
43,67,6,1,0,,0,7,7,5,2,0,2,0,0,0,0,0,0,0,0,0,0,REST,1,unknown,6,2025-05-12T06:37:58.916255
43,67,6,1,0,,0,7,7,5,2,0,2,0,0,0,0,0,0,0,0,0,0,REST,1,unknown,6,2025-05-12T06:37:58.941995
43,67,6,1,0,,0,7,7,5,2,0,2,0,0,0,0,0,0,0,0,0,0,REST,1,unknown,6,2025-05-12T06:37:58.980967
21,59,7,1,0,,0,7,7,5,2,0,3,0,0,0,0,0,0,0,0,0,0,FLEE,1,unknown,7,2025-05-12T06:37:58.992057
21,59,7,1,0,,0,7,7,5,2,0,3,0,0,0,0,0,0,0,0,0,0,FLEE,1,unknown,7,2025-05-12T06:37:58.999101
21,59,7,1,0,,0,7,7,5,2,0,3,0,0,0,0,0,0,0,0,0,0,FLEE,1,unknown,7,2025-05-12T06:37:59.012258
24,56,8,1,0,,0,6,6,5,2,0,3,0,0,0,0,0,0,0,0,0,0,REST,1,unknown,8,2025-05-12T06:37:59.132627
24,56,8,1,0,,0,6,6,5,2,0,3,0,0,0,0,0,0,0,0,0,0,REST,1,unknown,8,2025-05-12T06:37:59.142319
24,56,8,1,0,,0,6,6,5,2,0,3,0,0,0,0,0,0,0,0,0,0,REST,1,unknown,8,2025-05-12T06:37:59.169511
2,48,9,1,0,,0,6,6,5,2,0,4,0,0,0,0,0,0,0,0,0,0,FLEE,1,unknown,9,2025-05-12T06:37:59.196365
2,48,9,1,0,,0,6,6,5,2,0,3,0,0,0,0,0,0,0,0,0,0,FLEE,0,unknown,9,2025-05-12T06:37:59.237706
2,48,9,1,0,,0,6,6,5,2,0,4,0,0,0,0,0,0,0,0,0,0,FLEE,1,unknown,9,2025-05-12T06:37:59.250397
5,45,10,1,0,,0,5,5,5,2,0,4,0,0,0,0,0,0,0,0,0,0,REST,1,unknown,10,2025-05-12T06:37:59.325697
5,45,10,1,0,,0,5,5,5,2,0,3,0,0,0,0,0,0,0,0,0,0,REST,1,unknown,10,2025-05-12T06:37:59.343012
5,45,10,1,0,,0,5,5,5,2,0,4,0,0,0,0,0,0,0,0,0,0,REST,1,unknown,10,2025-05-12T06:37:59.354790
